{"cameraMode":{"drawMode":0,"name":"Shaded","section":"Shading Mode"},"sceneLighting":false,"audioPlay":false,"sceneViewState":{"showFog":true,"showMaterialUpdate":true,"showSkybox":true,"showFlares":true,"showImageEffects":true,"showParticleSystems":true},"in2DMode":false,"pivot":{"x":-5.714484214782715,"y":1.1229231357574463,"z":22.66844367980957},"rotation":{"x":6.324811230307148e-10,"y":0.9723978638648987,"z":-7.318122496879909e-11,"w":-0.23332923650741578},"size":0.8317162394523621,"orthographic":false}