{"cameraMode":{"drawMode":0,"name":"Shaded","section":"Shading Mode"},"sceneLighting":false,"audioPlay":false,"sceneViewState":{"showFog":true,"showMaterialUpdate":true,"showSkybox":false,"showFlares":true,"showImageEffects":true,"showParticleSystems":true},"in2DMode":false,"pivot":{"x":-7.925267696380615,"y":0.2313268780708313,"z":24.58892250061035},"rotation":{"x":0.0005990166682749987,"y":0.9732456803321838,"z":-0.22975213825702668,"w":0.0025374756660312416},"size":0.756121814250946,"orthographic":false}