{"cameraMode":{"drawMode":0,"name":"Shaded","section":"Shading Mode"},"sceneLighting":false,"audioPlay":false,"sceneViewState":{"showFog":true,"showMaterialUpdate":true,"showSkybox":true,"showFlares":true,"showImageEffects":true,"showParticleSystems":true},"in2DMode":false,"pivot":{"x":-5.879186630249023,"y":3.910778284072876,"z":8.190330505371094},"rotation":{"x":0.1624598354101181,"y":-0.6881909966468811,"z":0.1624598652124405,"w":0.6881909966468811},"size":2.783116102218628,"orthographic":false}